Team,Vote Points,Reason
26,5.0,"['‡∏ä‡∏≠‡∏ö‡πÑ‡∏≠‡πÄ‡∏î‡∏µ‡∏¢‡∏°‡∏≤‡∏Å‡πÜ‡πÄ‡∏•‡∏¢‡∏Ñ‡πà‡∏∞ ‡∏ï‡∏≠‡∏ô‡∏û‡∏£‡∏µ‡∏Å‡πá‡∏î‡∏µ‡∏Ñ‡πà‡∏∞', '‡πÄ‡∏û‡∏£‡∏≤‡∏∞ ‡πÄ‡∏õ‡πá‡∏ô‡∏´‡∏±‡∏ß‡∏Ç‡πâ‡∏≠‡∏ó‡∏µ‡πà‡∏ô‡πà‡∏≤‡∏™‡∏ô‡πÉ‡∏à‡πÅ‡∏•‡∏∞‡∏Å‡∏≤‡∏£‡∏û‡∏£‡∏µ‡πÄ‡∏ã‡∏ô‡∏ó‡∏≥‡πÑ‡∏î‡πâ‡∏î‡∏µ', '‡πÑ‡∏≠‡πÄ‡∏î‡∏µ‡∏¢‡∏î‡∏µ‡∏°‡∏≤‡∏Å‡∏™‡∏≤‡∏°‡∏£‡∏ñ‡πÑ‡∏õ‡∏ï‡πà‡∏≠‡∏¢‡∏≠‡∏î‡πÑ‡∏î‡πâ ‡∏ï‡πâ‡∏ô‡∏ó‡∏∏‡∏ô‡∏Å‡∏≤‡∏£‡∏ó‡πç‡∏≤‡πÇ‡∏õ‡∏£‡πÄ‡∏à‡∏Ñ‡∏ô‡∏µ‡πâ‡∏ô‡πà‡∏≤‡∏à‡∏∞‡πÑ‡∏°‡πà‡πÄ‡∏¢‡∏≠‡∏∞‡∏°‡∏≤‡∏Å‡πÄ‡∏´‡∏°‡∏≤‡∏∞‡∏™‡∏°‡∏Å‡∏±‡∏ö‡∏Å‡∏≤‡∏£‡πÄ‡∏õ‡πá‡∏ô Start up', '‡πÄ‡∏õ‡πá‡∏ô‡πÅ‡∏≠‡∏õ‡∏ó‡∏µ‡πà‡∏Ñ‡∏¥‡∏î‡∏ß‡πà‡∏≤‡∏≠‡∏≤‡∏à‡∏ï‡∏≠‡∏ö‡πÇ‡∏à‡∏ó‡∏¢‡πå‡∏ú‡∏π‡πâ‡πÉ‡∏ä‡πâ‡∏´‡∏•‡∏≤‡∏¢‡∏Ñ‡∏ô ‡πÄ‡∏õ‡πá‡∏ô‡πÅ‡∏≠‡∏õ‡∏ó‡∏µ‡πà‡∏ú‡∏°‡∏°‡∏≠‡∏á‡∏≠‡∏≤‡∏à‡πÄ‡∏õ‡πá‡∏ô‡∏ô‡∏ß‡∏±‡∏ï‡∏Å‡∏£‡∏£‡∏°‡πÉ‡∏´‡∏°‡πà', '‡∏°‡∏µ‡∏Å‡∏≤‡∏£‡∏ô‡∏≥‡πÄ‡∏™‡∏ô‡∏≠‡∏ó‡∏µ‡πà‡∏ô‡πà‡∏≤‡∏™‡∏ô‡πÉ‡∏à‡πÄ‡πÄ‡∏•‡∏∞‡∏°‡∏µ‡∏Å‡∏≤‡∏£‡∏ó‡∏≥ Business plan ‡∏ó‡∏µ‡πà‡πÄ‡∏´‡πá‡∏ô‡∏ñ‡∏∂‡∏á‡∏Ñ‡∏ß‡∏≤‡∏°‡πÄ‡∏õ‡πá‡∏ô‡πÑ‡∏õ‡πÑ‡∏î‡πâ‡∏à‡∏£‡∏¥‡∏á']"
24,5.0,"['‡∏ó‡∏µ‡∏° 24 ‡∏ô‡∏±‡πâ‡∏ô‡πÄ‡∏Ç‡πâ‡∏≤‡πÉ‡∏à‡πÉ‡∏ô‡∏õ‡∏±‡∏ç‡∏´‡∏≤‡∏ó‡∏µ‡πà‡∏ï‡∏±‡∏ß‡πÄ‡∏≠‡∏á‡∏ï‡πâ‡∏≠‡∏á‡πÅ‡∏Å‡πâ‡πÑ‡∏î‡πâ‡∏î‡∏µ‡πÅ‡∏•‡∏∞‡∏ô‡∏≥‡πÄ‡∏™‡∏ô‡∏≠‡πÑ‡∏î‡πâ‡πÄ‡∏Ç‡πâ‡∏≤‡πÉ‡∏à‡∏á‡πà‡∏≤‡∏¢', '‡∏£‡∏±‡∏Å‡∏´‡∏°‡∏≤‡πÅ‡∏°‡∏ß ‡∏Ñ‡∏£‡∏±‡∏ö', '‡∏Ñ‡∏ß‡∏≤‡∏°‡∏Ñ‡∏¥‡∏î‡∏ô‡πà‡∏≤‡∏™‡∏ô‡πÉ‡∏à ‡πÇ‡∏î‡∏¢‡πÄ‡∏â‡∏û‡∏≤‡∏∞‡∏ï‡∏≠‡∏ô‡∏ó‡∏µ‡πà‡∏£‡∏ñ‡∏ï‡∏¥‡∏î‡πÅ‡∏≠‡∏≠‡∏±‡∏î ‡∏Å‡∏≤‡∏£‡πÄ‡∏Å‡∏¥‡∏î‡∏≠‡∏∏‡∏ö‡∏±‡∏ï‡∏¥‡πÄ‡∏´‡∏ï‡∏∏‡∏à‡∏∞‡πÄ‡∏Å‡∏¥‡∏î‡∏Ç‡∏∂‡πâ‡∏ô‡πÑ‡∏î‡πâ‡∏ö‡πà‡∏≠‡∏¢ ‡πÅ‡∏•‡∏∞‡∏ï‡πà‡∏≤‡∏á‡∏à‡∏±‡∏á‡∏´‡∏ß‡∏±‡∏î‡∏à‡∏∞‡πÄ‡∏Å‡∏¥‡∏î‡∏≠‡∏∏‡∏ö‡∏±‡∏ï‡∏¥‡πÄ‡∏´‡∏ï‡∏∏‡πÑ‡∏î‡πâ‡∏á‡πà‡∏≤‡∏¢‡∏°‡∏≤‡∏Å‡∏à‡∏≤‡∏Å‡∏Å‡∏≤‡∏£‡∏Ç‡∏±‡∏ö‡∏ó‡∏µ‡πà‡πÄ‡∏£‡πá‡∏ß ‡∏Ñ‡∏ß‡∏≤‡∏°‡∏ä‡πà‡∏ß‡∏¢‡πÄ‡∏´‡∏•‡∏∑‡∏≠‡∏à‡∏∞‡∏°‡∏≤‡πÑ‡∏î‡πâ‡∏ó‡∏±‡∏ô‡πÄ‡∏ß‡∏•‡∏≤ ‡πÅ‡∏•‡∏∞‡∏ä‡πà‡∏ß‡∏¢‡∏ä‡∏µ‡∏ß‡∏¥‡∏ï‡∏Ñ‡∏ô‡πÑ‡∏î‡πâ‡∏°‡∏≤‡∏Å‡∏Ç‡∏∂‡πâ‡∏ô', '‡∏Å‡∏≤‡∏£‡πÄ‡∏ï‡∏£‡∏µ‡∏¢‡∏°‡∏Ç‡πâ‡∏≠‡∏°‡∏π‡∏•‡∏´‡∏£‡∏∑‡∏≠ research ‡∏°‡∏≤‡∏î‡∏µ‡∏°‡∏≤‡∏Å ‡∏°‡∏µ‡∏Å‡∏≤‡∏£‡πÄ‡∏õ‡∏£‡∏µ‡∏¢‡∏ö‡πÄ‡∏ó‡∏µ‡∏¢‡∏ö‡πÉ‡∏ô‡∏õ‡∏±‡∏à‡∏à‡∏±‡∏¢‡∏ï‡πà‡∏≤‡∏á‡πÜ ‡πÑ‡∏î‡πâ‡∏Ñ‡∏£‡∏ö‡∏ñ‡πâ‡∏ß‡∏ô ‡πÅ‡∏≠‡∏õ‡∏°‡∏µ‡∏Ñ‡∏ß‡∏≤‡∏°‡πÄ‡∏õ‡πá‡∏ô‡πÑ‡∏õ‡πÑ‡∏î‡πâ ‡πÅ‡∏•‡∏∞ pitching ‡πÑ‡∏î‡πâ‡∏î‡∏µ', '‡πÄ‡∏û‡∏£‡∏≤‡∏∞ ‡∏Å‡∏≤‡∏£‡∏ô‡∏≥‡πÄ‡∏™‡∏ô‡∏≠‡∏ô‡πà‡∏≤‡∏™‡∏ô‡∏ó‡∏≥‡∏™‡πÑ‡∏•‡∏î‡πå‡∏°‡∏≤‡∏î‡∏µ‡∏°‡∏≤‡∏Å‡∏ó‡∏≥‡πÉ‡∏´‡πâ‡πÄ‡∏´‡πá‡∏ô‡∏†‡∏≤‡∏û‡∏ï‡∏≠‡∏ô‡∏ô‡∏≥‡πÄ‡∏™‡∏ô‡∏≠‡πÑ‡∏î‡πâ‡∏î‡∏µ']"
6,5.0,"['‡∏°‡∏µ‡πÅ‡∏ú‡∏ô‡∏ó‡∏µ‡πà‡∏ä‡πà‡∏ß‡∏¢‡∏ô‡∏≥‡∏ó‡∏≤‡∏á‡πÑ‡∏õ‡∏´‡πâ‡∏≠‡∏á‡πÄ‡∏£‡∏µ‡∏¢‡∏ô‡πÑ‡∏î‡πâ‡∏á‡πà‡∏≤‡∏¢', '‡πÄ‡∏û‡∏£‡∏≤‡∏∞‡∏´‡∏±‡∏ß‡∏Ç‡πâ‡∏≠‡∏°‡∏¥‡∏ô‡∏¥‡πÇ‡∏õ‡∏£‡πÄ‡∏à‡∏Ñ‡∏ó‡∏µ‡πà‡∏ó‡∏≥‡πÄ‡∏õ‡πá‡∏ô‡∏õ‡∏£‡∏∞‡πÇ‡∏¢‡∏ä‡∏ô‡πå‡∏Å‡∏±‡∏ö‡∏ô‡∏±‡∏Å‡∏®‡∏∂‡∏Å‡∏©‡∏≤', nan, '‡∏ä‡πà‡∏ß‡∏¢‡πÉ‡∏´‡πâ‡∏ï‡∏¥‡∏î‡∏ï‡πà‡∏≠‡∏Å‡∏±‡∏ö‡∏≠‡∏≤‡∏à‡∏≤‡∏£‡∏¢‡πå‡πÑ‡∏î‡πâ‡∏á‡πà‡∏≤‡∏¢ ‡∏£‡∏ß‡∏ö‡∏£‡∏ß‡∏°‡πÑ‡∏ß‡πâ‡∏ó‡∏µ‡πà‡∏ä‡πà‡∏≠‡∏á‡∏ó‡∏≤‡∏á‡πÄ‡∏î‡∏µ‡∏¢‡∏ß', 'üëçüèª ']"
4,5.0,"[nan, '‡πÄ‡∏£‡∏µ‡∏¢‡∏ö‡∏á‡πà‡∏≤‡∏¢ clean ‡∏ô‡πà‡∏≤‡πÉ‡∏ä‡πâ', '‡πÄ‡∏û‡∏£‡∏≤‡∏∞‡∏ß‡πà‡∏≤‡∏ó‡πà‡∏≠‡∏á‡πÄ‡∏ó‡∏µ‡πà‡∏¢‡∏ß‡πÉ‡∏ô‡πÄ‡∏Å‡∏°‡πÑ‡∏î‡πâ‡∏î‡πâ‡∏ß‡∏¢‡∏Ñ‡πà‡∏∞!', '‡∏°‡∏µ‡∏Å‡∏≤‡∏£‡∏õ‡∏£‡∏∞‡∏¢‡∏∏‡∏Å‡∏ï‡πå‡πÉ‡∏ä‡πâ‡πÄ‡∏ó‡∏Ñ‡πÇ‡∏ô‡πÇ‡∏•‡∏¢‡∏µ‡∏Ñ‡∏•‡πâ‡∏≤‡∏¢‡πÜ‡∏Å‡∏±‡∏ô ‡πÄ‡∏à‡πã‡∏á‡∏î‡∏µ', nan]"
38,4.0,"['‡πÄ‡∏õ‡πá‡∏ô‡πÑ‡∏≠‡πÄ‡∏î‡∏µ‡∏¢‡∏ó‡∏µ‡πà‡∏î‡∏µ‡πÉ‡∏ô‡∏Å‡∏≤‡∏£‡πÅ‡∏¢‡∏Å‡∏Ç‡∏¢‡∏∞ ‡πÄ‡∏£‡∏¥‡πà‡∏°‡∏à‡∏≤‡∏Å‡πÉ‡∏ô‡∏ä‡∏∏‡∏°‡∏ä‡∏ô‡πÅ‡∏•‡∏∞‡∏Ç‡∏¢‡∏≤‡∏¢‡πÑ‡∏õ‡πÄ‡∏£‡∏∑‡πà‡∏≠‡∏¢‡πÜ', '‡πÄ‡∏õ‡πá‡∏ô‡∏õ‡∏£‡∏∞‡πÇ‡∏¢‡∏ä‡∏ô‡πå‡∏ï‡πà‡∏≠‡∏™‡∏±‡∏á‡∏Ñ‡∏°‡πÅ‡∏•‡∏∞‡∏ä‡πà‡∏ß‡∏¢‡∏≠‡∏ô‡∏∏‡∏£‡∏±‡∏Å‡∏©‡πå‡∏™‡∏¥‡πà‡∏á‡πÅ‡∏ß‡∏î‡∏•‡πâ‡∏≠‡∏°', '‡∏õ‡∏±‡∏ç‡∏´‡∏≤‡∏Ç‡∏¢‡∏∞‡πÄ‡∏õ‡πá‡∏ô‡∏õ‡∏±‡∏ç‡∏´‡∏≤‡∏ó‡∏µ‡πà‡∏°‡∏µ‡∏°‡∏≤‡∏≠‡∏¢‡πà‡∏≤‡∏á‡∏¢‡∏≤‡∏ß‡∏ô‡∏≤‡∏ô ‡πÅ‡∏ï‡πà‡∏Å‡∏≤‡∏£‡∏ó‡∏µ‡πà‡∏Ñ‡∏ô‡πÑ‡∏ó‡∏¢‡∏à‡∏∞‡∏°‡∏µ‡∏Å‡∏≤‡∏£‡∏ó‡∏¥‡πâ‡∏á‡∏Ç‡∏¢‡∏∞‡∏≠‡∏¢‡πà‡∏≤‡∏á‡πÄ‡∏õ‡πá‡∏ô‡∏£‡∏∞‡∏ö‡∏ö‡πÄ‡∏õ‡πá‡∏ô‡πÑ‡∏õ‡πÑ‡∏î‡πâ‡∏≠‡∏¢‡∏≤‡∏Å ‡∏Å‡∏≤‡∏£‡∏ó‡∏µ‡πà‡∏Å‡∏•‡∏∏‡πà‡∏°‡πÄ‡∏û‡∏∑‡πà‡∏≠‡∏ô‡∏°‡∏µ‡∏Å‡∏≤‡∏£‡∏à‡∏±‡∏î‡∏Å‡∏≤‡∏£‡∏Å‡∏±‡∏ö‡∏õ‡∏±‡∏ç‡∏´‡∏≤‡∏î‡∏±‡∏á‡∏Å‡∏•‡πà‡∏≤‡∏ß ‡πÄ‡∏õ‡πá‡∏ô‡πÄ‡∏£‡∏∑‡πà‡∏≠‡∏á‡∏ó‡∏µ‡πà‡∏™‡∏≤‡∏°‡∏≤‡∏£‡∏ñ‡∏ó‡∏≥‡πÑ‡∏î‡πâ ‡πÅ‡∏•‡∏∞‡∏Ñ‡∏ß‡∏£‡∏ï‡πà‡∏≠‡∏¢‡∏≠‡∏î ‡∏Å‡∏≤‡∏£‡∏ô‡∏≥‡πÄ‡∏™‡∏ô‡∏≠‡∏î‡∏µ‡∏°‡∏≤‡∏Å‡πÜ', '‡πÅ‡∏ô‡∏ß‡∏Ñ‡∏¥‡∏î‡∏Ç‡∏≠‡∏á‡πÄ‡∏û‡∏∑‡πà‡∏≠‡∏ô‡∏ô‡πà‡∏≤‡∏™‡∏ô‡πÉ‡∏à‡∏°‡∏≤‡∏Å ‡πÜ ‡πÄ‡∏£‡∏¥‡πà‡∏°‡∏à‡∏≤‡∏Å‡∏ä‡∏∏‡∏°‡∏ä‡∏ô‡πÄ‡∏•‡πá‡∏Å ‡∏Ñ‡∏¥‡∏î‡∏ß‡πà‡∏≤‡∏ñ‡πâ‡∏≤‡∏ó‡∏≥‡πÑ‡∏î‡πâ‡∏à‡∏∞‡∏î‡∏µ‡∏ï‡πà‡∏≠‡∏ä‡∏∏‡∏°‡∏ä‡∏ô‡∏°‡∏≤‡∏Å']"
10,4.0,"['‡∏°‡∏µ‡∏Å‡∏≤‡∏£‡∏ô‡∏≥‡πÄ‡∏™‡∏ô‡∏≠‡∏≤‡∏ó‡∏µ‡πà‡∏î‡∏µ‡πÅ‡∏•‡∏∞‡∏Ñ‡∏¥‡∏î‡∏ß‡πà‡∏≤‡∏™‡∏¥‡πà‡∏á‡∏ó‡∏µ‡πà‡∏Ñ‡∏¥‡∏î‡∏™‡∏≤‡∏°‡∏≤‡∏£‡∏ñ‡πÄ‡∏≠‡∏≤‡πÑ‡∏õ‡πÉ‡∏ä‡πâ‡πÑ‡∏î‡πâ‡∏à‡∏£‡∏¥‡∏á', '‡∏â‡∏•‡∏≤‡∏î‡∏Ñ‡πà‡∏∞ ‡πÄ‡∏Å‡πà‡∏á‡πÄ‡∏û‡∏∑‡πà‡∏≠‡∏ô‡∏ô‡∏≥‡∏Ñ‡∏ß‡∏≤‡∏°‡∏£‡∏π‡πâ‡∏°‡∏≤‡πÉ‡∏ä‡πâ‡∏õ‡∏£‡∏∞‡∏¢‡∏∏‡∏Å‡∏ï‡πå‡∏Å‡∏±‡∏ô‡πÑ‡∏î‡πâ‡πÄ‡∏´‡∏°‡∏≤‡∏∞‡∏™‡∏° ‡∏î‡∏π‡∏ô‡πà‡∏≤‡∏ã‡∏∑‡πâ‡∏≠‡∏Ñ‡πà‡∏∞', '‡∏™‡∏∞‡∏î‡∏ß‡∏Å‡∏î‡∏µ‡∏Ñ‡πà‡∏∞‡∏ä‡πà‡∏ö', nan]"
31,4.0,"[nan, nan, '‡∏°‡∏µ‡πÑ‡∏≠‡πÄ‡∏î‡∏µ‡∏¢‡∏´‡∏±‡∏ß‡∏Ç‡πâ‡∏≠‡πÇ‡∏õ‡∏£‡πÄ‡∏à‡∏Ñ‡∏ó‡∏µ‡πà‡πÉ‡∏™‡πà‡πÉ‡∏à‡πÉ‡∏ô‡∏î‡πâ‡∏≤‡∏ô‡∏Å‡∏≤‡∏£‡∏®‡∏∂‡∏Å‡∏©‡∏≤‡πÄ‡∏õ‡πá‡∏ô‡∏≠‡∏¢‡πà‡∏≤‡∏á‡∏î‡∏µ ', '‡∏ä‡∏≠‡∏ö‡πÄ‡∏û‡∏£‡∏≤‡∏∞‡∏°‡∏µ‡∏Ñ‡∏ß‡∏≤‡∏°‡∏£‡∏±‡∏Å‡πÇ‡∏•‡∏Å ‡∏õ‡∏£‡∏∞‡∏´‡∏¢‡∏±‡∏î‡∏û‡∏•‡∏±‡∏á‡∏á‡∏≤‡∏ô ‡∏ó‡∏≤‡∏á‡πÄ‡∏î‡∏µ‡∏¢‡∏ß‡∏Å‡∏±‡∏ô‡πÑ‡∏õ‡∏î‡πâ‡∏ß‡∏¢‡∏Å‡∏±‡∏ô ‡∏ä‡πà‡∏ß‡∏¢‡∏•‡∏î‡∏°‡∏•‡∏û‡∏¥‡∏© ‡πÅ‡∏•‡∏∞‡πÅ‡∏Å‡πâ‡∏õ‡∏±‡∏ç‡∏´‡∏≤‡∏£‡∏ñ‡∏ï‡∏¥‡∏î']"
36,4.0,"['‡∏ó‡∏µ‡∏°‡∏ô‡∏µ‡πâ‡∏ï‡∏≠‡∏ô‡∏ô‡∏≥‡πÄ‡∏™‡∏ô‡∏≠‡πÅ‡∏™‡∏î‡∏á‡∏≠‡∏≠‡∏Å‡πÉ‡∏´‡πâ‡πÄ‡∏´‡πá‡∏ô‡∏ñ‡∏∂‡∏á‡πÅ‡∏ô‡∏ß‡∏Ñ‡∏¥‡∏î‡∏Ç‡∏≠‡∏á‡∏ï‡∏±‡∏ß‡πÄ‡∏≠‡∏á‡πÑ‡∏î‡πâ‡∏ä‡∏±‡∏î‡πÄ‡∏à‡∏ô‡∏ß‡πà‡∏≤‡∏≠‡∏¢‡∏≤‡∏Å‡πÅ‡∏Å‡πâ‡∏¢‡∏±‡∏á‡πÑ‡∏á‡πÅ‡∏•‡∏∞‡∏à‡∏∏‡∏î‡πÑ‡∏´‡∏ô', '‡∏ä‡∏≠‡∏ö‡πÑ‡∏≠‡πÄ‡∏î‡∏µ‡∏¢‡πÅ‡∏•‡∏∞‡∏Å‡∏≤‡∏£‡∏ô‡∏≥‡πÄ‡∏™‡∏ô‡∏≠', '‡πÄ‡∏õ‡πá‡∏ô‡∏Å‡∏≤‡∏£‡∏ô‡∏≥‡πÄ‡∏™‡∏ô‡∏≠‡∏ó‡∏µ‡πà‡∏î‡∏µ ‡∏°‡∏µ‡∏Å‡∏≤‡∏£‡∏´‡∏≤‡∏Ç‡πâ‡∏≠‡∏°‡∏π‡∏•‡∏≠‡πâ‡∏≤‡∏á‡∏≠‡∏¥‡∏á', '‡πÄ‡∏õ‡πá‡∏ô‡∏õ‡∏£‡∏∞‡πÇ‡∏¢‡∏ä‡∏ô‡πå ‡πÅ‡∏•‡∏∞‡∏ï‡∏≠‡∏ö‡πÇ‡∏à‡∏ó‡∏¢‡πå‡∏™‡∏≥‡∏´‡∏£‡∏±‡∏ö‡∏Ñ‡∏ô‡∏Ç‡∏∂‡πâ‡∏ô‡∏£‡∏ñ‡∏õ‡∏£‡∏∞‡∏à‡∏≥‡∏ó‡∏≤‡∏á']"
18,3.0,"['‡∏´‡∏±‡∏ß‡∏Ç‡πâ‡∏≠‡∏ô‡πà‡∏≤‡∏™‡∏ô‡πÉ‡∏à‡πÅ‡∏õ‡∏•‡∏Å‡πÉ‡∏´‡∏°‡πà ‡∏≠‡∏¢‡∏≤‡∏Å‡∏ó‡∏î‡∏•‡∏≠‡∏á‡πÉ‡∏ä‡πâ‡∏á‡∏≤‡∏ô‡∏à‡∏£‡∏¥‡∏á', '‡∏ä‡∏≠‡∏ö‡∏Å‡∏≤‡∏£‡∏ô‡∏≥‡πÄ‡∏™‡∏ô‡∏≠‡πÅ‡∏•‡∏∞‡∏á‡∏≤‡∏ô‡∏Ç‡∏≠‡∏á‡∏Å‡∏•‡∏∏‡πà‡∏°‡∏ô‡∏µ‡πâ', '‡∏´‡∏±‡∏ß‡∏Ç‡πâ‡∏≠‡∏î‡∏π‡πÄ‡∏õ‡πá‡∏ô‡πÄ‡∏£‡∏∑‡πà‡∏≠‡∏á‡∏ó‡∏µ‡πà‡∏™‡∏≤‡∏°‡∏≤‡∏£‡∏ñ‡∏ó‡∏≥‡πÑ‡∏î‡πâ‡πÅ‡∏•‡πâ‡∏ß‡πÄ‡∏Ç‡πâ‡∏≤‡∏ñ‡∏∂‡∏á‡∏ä‡πà‡∏ß‡∏¢‡∏≠‡∏≤‡∏¢‡∏∏‡πÄ‡∏£‡∏≤‡∏°‡∏≤‡∏Å‡∏ó‡∏µ‡πà‡∏™‡∏∏‡∏î']"
19,3.0,"[nan, '‡∏£‡∏π‡πâ‡∏™‡∏∂‡∏Å‡πÇ‡∏õ‡∏£‡πÄ‡∏à‡πá‡∏Ñ‡πÄ‡∏õ‡πá‡∏ô‡πÑ‡∏õ‡πÑ‡∏î‡πâ‡∏à‡∏£‡∏¥‡∏á ‡πÄ‡∏õ‡πá‡∏ô‡∏õ‡∏£‡∏∞‡πÇ‡∏¢‡∏ä‡∏ô‡πå‡∏ï‡πà‡∏≠‡∏™‡∏±‡∏á‡∏Ñ‡∏°‡πÅ‡∏•‡∏∞‡∏™‡∏¥‡πà‡∏á‡πÅ‡∏ß‡∏î‡∏•‡πâ‡∏≠‡∏°', '‡πÇ‡∏õ‡∏£‡πÄ‡∏à‡∏Å‡∏ï‡πå‡∏°‡∏µ‡∏Ñ‡∏ß‡∏≤‡∏°‡∏£‡∏≠‡∏ö‡∏Ñ‡∏≠‡∏ö ‡πÄ‡∏ô‡∏∑‡πâ‡∏≠‡∏´‡∏≤‡πÄ‡∏¢‡∏≠‡∏∞ ‡πÑ‡∏≠‡πÄ‡∏î‡∏µ‡∏¢‡∏ô‡πà‡∏≤‡∏™‡∏ô‡πÉ‡∏à']"
20,3.0,"[nan, '‡πÄ‡∏õ‡πá‡∏ô‡πÄ‡∏£‡∏∑‡πà‡∏≠‡∏á‡∏ù‡∏∏‡πà‡∏ô‡∏ó‡∏µ‡πà‡∏Ñ‡∏¥‡∏î‡∏ß‡πà‡∏≤‡∏°‡∏µ‡∏õ‡∏£‡∏∞‡πÇ‡∏¢‡∏ä‡∏ô‡πå‡∏ï‡πà‡∏≠‡∏™‡∏±‡∏á‡∏Ñ‡∏° ‡πÄ‡∏û‡∏£‡∏≤‡∏∞‡∏ù‡∏∏‡πà‡∏ô‡πÄ‡∏õ‡πá‡∏ô‡∏™‡∏¥‡πà‡∏á‡∏ó‡∏µ‡πà‡πÉ‡∏Å‡∏•‡πâ‡∏ï‡∏±‡∏ß ‡∏ä‡πà‡∏ß‡∏¢‡πÉ‡∏´‡πâ‡∏™‡∏≤‡∏°‡∏≤‡∏£‡∏ñ‡∏£‡∏±‡∏ö‡∏£‡∏π‡πâ‡∏Ç‡πà‡∏≤‡∏ß‡πÄ‡∏Å‡∏µ‡πà‡∏¢‡∏ß‡∏Å‡∏±‡∏ö‡∏ù‡∏∏‡πà‡∏ô‡πÑ‡∏î‡πâ', nan]"
34,3.0,"['‡∏°‡∏µ‡∏ú‡∏•‡∏á‡∏≤‡∏ô‡∏ó‡∏µ‡πà‡∏î‡∏µ', nan, '‡∏°‡∏µ‡∏Å‡∏≤‡∏£‡∏ô‡∏≥‡πÄ‡∏™‡∏ô‡∏≠‡∏ó‡∏µ‡πà‡∏Å‡∏£‡∏∞‡∏ä‡∏±‡∏ö‡πÄ‡∏Ç‡πâ‡∏≤‡πÉ‡∏à‡∏á‡πà‡∏≤‡∏¢ ‡πÑ‡∏≠‡πÄ‡∏î‡∏µ‡∏¢‡∏°‡∏µ‡∏´‡∏±‡∏ß‡∏Ç‡πâ‡∏≠‡∏ó‡∏µ‡πà‡∏ô‡πà‡∏≤‡∏™‡∏ô‡πÉ‡∏à‡πÉ‡∏ô‡∏î‡πâ‡∏≤‡∏ô‡∏à‡∏¥‡∏ï‡∏≠‡∏≤‡∏™‡∏≤']"
41,3.0,"['‡πÄ‡∏õ‡πá‡∏ô problem ‡∏ó‡∏µ‡πà‡πÅ‡∏õ‡∏•‡∏Å‡πÉ‡∏´‡∏°‡πà ‡πÅ‡∏•‡∏∞‡πÑ‡∏°‡πà‡∏Ñ‡πà‡∏≠‡∏¢‡∏°‡∏µ‡∏Ñ‡∏ô‡∏Ñ‡∏¥‡∏î‡∏à‡∏∞‡πÅ‡∏Å‡πâ‡πÑ‡∏Ç ‡πÄ‡∏õ‡πá‡∏ô‡∏Å‡∏≤‡∏£‡πÄ‡∏•‡∏∑‡∏≠‡∏Å‡∏õ‡∏±‡∏ç‡∏´‡∏≤‡∏ó‡∏µ‡πà‡∏Ñ‡∏ô‡∏°‡∏≠‡∏á‡∏Ç‡πâ‡∏≤‡∏°‡∏°‡∏≤‡πÑ‡∏î‡πâ‡∏î‡∏µ', '‡πÑ‡∏≠‡πÄ‡∏î‡∏µ‡∏¢‡∏ô‡πà‡∏≤‡∏™‡∏ô‡πÉ‡∏à ‡πÉ‡∏ô‡∏Å‡∏≤‡∏£‡∏ä‡πà‡∏ß‡∏¢‡∏ó‡∏≤‡∏á‡πÄ‡∏Å‡∏©‡∏ï‡∏£', '‡πÄ‡∏ô‡∏∑‡πâ‡∏≠‡∏´‡∏≤‡πÅ‡∏õ‡∏•‡∏Å‡πÉ‡∏´‡∏°‡πà‡∏°‡∏≠‡∏á‡πÄ‡∏´‡πá‡∏ô‡∏ñ‡∏∂‡∏á‡∏™‡∏¥‡πà‡∏á‡πÉ‡∏´‡∏°‡πà‡∏ó‡∏µ‡πà‡∏™‡∏£‡πâ‡∏≤‡∏á‡∏£‡∏≤‡∏¢‡πÑ‡∏î‡πâ']"
7,3.0,"['‡∏≠‡∏≠‡∏Å‡πÅ‡∏ö‡∏ö‡∏™‡∏ß‡∏¢‡∏á‡∏≤‡∏° ‡πÄ‡∏ß‡πá‡∏ö‡πÅ‡∏≠‡∏õ‡∏ô‡πà‡∏≤‡∏™‡∏ô‡πÉ‡∏à‡∏ô‡πà‡∏≤‡∏Å‡∏≤‡∏£‡∏ô‡∏≥‡πÑ‡∏õ‡πÉ‡∏ä‡πâ‡∏à‡∏£‡∏¥‡∏á ‡∏ä‡∏≠‡∏ö‡∏ó‡∏µ‡πà‡πÑ‡∏õ‡∏ó‡∏≤‡∏á‡πÄ‡∏î‡∏µ‡∏¢‡∏ß‡∏Å‡∏±‡∏ô ‡πÑ‡∏õ‡∏î‡πâ‡∏ß‡∏¢‡∏Å‡∏±‡∏ô', nan, '‡∏ô‡∏≥‡πÄ‡∏™‡∏ô‡∏≠‡πÑ‡∏î‡πâ‡∏î‡∏µ ‡∏™‡∏≤‡∏°‡∏≤‡∏£‡∏ñ‡∏≠‡∏ò‡∏¥‡∏ö‡∏≤‡∏¢‡πÄ‡∏ô‡∏∑‡πâ‡∏≠‡∏´‡∏≤‡∏ï‡πà‡∏≤‡∏á‡πÜ ‡πÑ‡∏î‡πâ‡πÄ‡∏Ç‡πâ‡∏≤‡πÉ‡∏à‡∏á‡πà‡∏≤‡∏¢‡πÅ‡∏•‡∏∞‡∏°‡∏µ‡∏™‡πÑ‡∏•‡∏î‡πå‡∏û‡∏£‡∏µ‡πÄ‡∏ã‡πâ‡∏ô‡∏ó‡∏µ‡πà‡∏™‡∏ß‡∏¢‡∏á‡∏≤‡∏° ‡∏´‡∏±‡∏ß‡∏Ç‡πâ‡∏≠‡πÇ‡∏õ‡∏£‡πÄ‡∏à‡∏Ñ‡∏°‡∏µ‡πÄ‡∏ô‡∏∑‡πâ‡∏≠‡∏´‡∏≤‡∏ó‡∏µ‡πà‡∏Ñ‡∏£‡∏≠‡∏ö‡∏Ñ‡∏•‡∏∏‡∏°‡∏õ‡∏±‡∏ç‡∏´‡∏≤‡∏ó‡∏µ‡πà‡∏û‡∏ö‡πÄ‡∏à‡∏≠‡πÑ‡∏î‡πâ']"
40,3.0,"['‡∏ä‡πà‡∏ß‡∏á‡∏ô‡∏µ‡πâ‡∏Ñ‡πà‡∏≤‡πÑ‡∏ü‡πÅ‡∏û‡∏á ‡∏Ñ‡∏¥‡∏î‡∏ß‡πà‡∏≤‡πÄ‡∏õ‡πá‡∏ô‡∏õ‡∏£‡∏∞‡πÇ‡∏¢‡∏ä‡∏ô‡πå‡∏Å‡∏±‡∏ö‡∏´‡∏•‡∏≤‡∏¢ ‡πÜ ‡∏Ñ‡∏ô‡∏Ñ‡πà‡∏∞', '‡∏°‡∏µ‡∏Ñ‡∏ß‡∏≤‡∏°‡∏ô‡πà‡∏≤‡∏™‡∏ô‡πÉ‡∏à ‡∏´‡∏±‡∏ß‡∏Ç‡πâ‡∏≠‡∏î‡∏π‡πÄ‡∏Å‡∏µ‡πà‡∏¢‡∏ß‡∏Ç‡πâ‡∏≠‡∏á‡∏Å‡∏±‡∏ö‡πÉ‡∏ô‡∏ä‡∏µ‡∏ß‡∏¥‡∏ï‡∏õ‡∏£‡∏∞‡∏à‡∏≥‡∏ß‡∏±‡∏ô', '‡πÇ‡∏õ‡∏£‡πÄ‡∏à‡∏Ñ‡∏î‡∏π‡∏™‡∏≤‡∏°‡∏≤‡∏£‡∏ñ‡∏ô‡∏≥‡πÑ‡∏õ‡πÉ‡∏ä‡πâ‡∏á‡∏≤‡∏ô‡πÑ‡∏î‡πâ‡∏à‡∏£‡∏¥‡∏á ‡∏°‡∏µ‡∏õ‡∏£‡∏∞‡πÇ‡∏¢‡∏ä‡∏ô‡πå‡πÉ‡∏ô‡∏ä‡∏µ‡∏ß‡∏¥‡∏ï‡∏õ‡∏£‡∏∞‡∏à‡∏≥‡∏ß‡∏±‡∏ô ‡∏ô‡∏≥‡πÄ‡∏™‡∏ô‡∏≠‡πÑ‡∏î‡πâ‡∏ô‡πà‡∏≤‡∏™‡∏ô‡πÉ‡∏à']"
9,3.0,"['‡πÄ‡∏û‡∏£‡∏≤‡∏∞‡∏≠‡∏≠‡∏Å‡πÅ‡∏ö‡∏öUI‡πÑ‡∏î‡πâ‡∏™‡∏ß‡∏¢ ‡∏ó‡∏±‡πâ‡∏á‡∏Å‡∏≤‡∏£‡πÄ‡∏•‡∏∑‡∏≠‡∏Å‡πÉ‡∏ä‡πâ‡∏™‡∏µ ‡∏Å‡∏≤‡∏£‡∏à‡∏±‡∏î‡∏ß‡∏≤‡∏álayout', nan, '‡∏°‡∏µ‡∏Å‡∏≤‡∏£‡∏ô‡∏≥‡πÄ‡∏™‡∏ô‡∏≠‡∏ó‡∏µ‡πà‡∏î‡∏µ ‡πÄ‡∏Ç‡πâ‡∏≤‡πÉ‡∏à‡∏á‡πà‡∏≤‡∏¢']"
39,3.0,"['‡∏á‡∏≤‡∏ô‡πÄ‡∏ó‡∏û‡∏°‡∏≤‡∏Å‡πÄ‡πÄ‡∏•‡∏∞‡∏Ç‡πâ‡∏≠‡∏°‡∏π‡∏•‡∏Ñ‡∏£‡∏ö‡∏°‡∏≤‡∏Å‡πÄ‡∏´‡πá‡∏ô‡∏†‡∏≤‡∏û‡∏ä‡∏±‡∏î‡πÄ‡∏à‡∏ô‡∏ó‡∏µ‡πà‡∏™‡∏∏‡∏î', '‡πÄ‡∏õ‡πá‡∏ô‡∏õ‡∏±‡∏ç‡∏´‡∏≤‡∏ó‡∏µ‡πà‡∏ô‡πà‡∏≤‡∏™‡∏ô‡πÉ‡∏à ‡πÄ‡∏û‡∏£‡∏≤‡∏∞‡∏™‡∏≤‡∏°‡∏≤‡∏£‡∏ñ‡∏•‡∏î‡∏á‡∏ö‡∏õ‡∏£‡∏∞‡∏°‡∏≤‡∏ì‡πÉ‡∏ô‡∏Å‡∏≤‡∏£‡∏ã‡∏∑‡πâ‡∏≠‡∏¢‡∏≤‡∏Ç‡∏≠‡∏á‡∏†‡∏≤‡∏Ñ‡∏£‡∏±‡∏ê‡πÑ‡∏î‡πâ ‡∏ï‡∏±‡∏ß‡πÅ‡∏≠‡∏õ‡∏û‡∏•‡∏¥‡πÄ‡∏Ñ‡∏ä‡∏±‡∏ô‡∏°‡∏µ‡∏Ñ‡∏ß‡∏≤‡∏°‡∏ô‡πà‡∏≤‡∏™‡∏ô‡πÉ‡∏à', nan]"
13,3.0,"['‡∏°‡∏µ‡∏Ñ‡∏ß‡∏≤‡∏°‡∏ô‡πà‡∏≤‡∏™‡∏ô‡πÉ‡∏à ‡πÄ‡∏û‡∏∑‡πà‡∏≠‡∏ô‡∏î‡∏π‡∏°‡∏µ‡∏Ñ‡∏ß‡∏≤‡∏°‡∏ï‡∏±‡πâ‡∏á‡πÉ‡∏à‡∏Å‡∏±‡∏ö‡∏Å‡∏≤‡∏£‡∏ó‡∏≥‡∏´‡∏±‡∏ß‡∏Ç‡πâ‡∏≠‡∏ô‡∏µ‡πâ‡∏°‡∏≤‡∏Å ‡πÜ ', '‡∏û‡∏¥‡∏ä‡∏ä‡∏¥‡πà‡∏á‡∏î‡∏µ ‡πÄ‡∏ô‡∏∑‡πâ‡∏≠‡∏´‡∏≤‡∏ô‡πà‡∏≤‡∏™‡∏ô‡πÉ‡∏à', '‡∏ä‡∏≠‡∏ö‡πÅ‡∏ô‡∏ß‡∏Ñ‡∏¥‡∏î‡∏Ç‡∏≠‡∏á‡∏Å‡∏•‡∏∏‡πà‡∏°‡∏ô‡∏µ‡πâ']"
14,3.0,"['‡πÅ‡∏Å‡πâ‡∏õ‡∏±‡∏ç‡∏´‡∏≤‡∏ï‡∏£‡∏á‡∏à‡∏∏‡∏î‡∏Å‡∏±‡∏ö‡∏™‡∏¥‡πà‡∏á‡∏ó‡∏µ‡πà‡∏ú‡∏π‡πâ‡πÇ‡∏´‡∏ß‡∏ï‡∏û‡∏ö‡πÄ‡∏à‡∏≠', '‡∏ä‡∏≠‡∏ö‡∏´‡∏±‡∏ß‡∏Ç‡πâ‡∏≠‡∏ó‡∏µ‡πà‡∏ô‡∏≥‡πÄ‡∏™‡∏ô‡∏≠ ‡∏ï‡∏≠‡∏ö‡πÇ‡∏à‡∏ó‡∏¢‡πå‡∏õ‡∏±‡∏ç‡∏´‡∏≤‡∏ó‡∏µ‡πà‡∏û‡∏ö‡πÄ‡∏à‡∏≠ ‡πÉ‡∏ô‡πÄ‡∏£‡∏∑‡πà‡∏≠‡∏á‡∏Ç‡∏≠‡∏á‡∏™‡∏´‡∏Å‡∏¥‡∏à‡∏®‡∏∂‡∏Å‡∏©‡∏≤', '‡πÄ‡∏õ‡πá‡∏ô‡∏õ‡∏£‡∏∞‡πÇ‡∏¢‡∏ä‡∏ô‡πå‡∏Å‡∏±‡∏ö‡∏ô‡∏±‡∏Å‡∏®‡∏∂‡∏Å‡∏©‡∏≤‡∏ó‡∏µ‡πà‡∏Å‡∏≥‡∏•‡∏±‡∏á‡∏à‡∏∞‡πÑ‡∏õ‡∏ù‡∏∂‡∏Å‡∏™‡∏´‡∏Å‡∏¥‡∏à‡∏°‡∏≤‡∏Å ‡πÜ‡∏Ñ‡πà‡∏∞']"
37,3.0,"['‡∏ô‡∏≥‡πÄ‡∏™‡∏ô‡∏≠‡∏ô‡πà‡∏≤‡∏™‡∏ô‡πÉ‡∏à‡∏î‡∏µ', '‡∏ä‡∏≠‡∏ö‡∏ó‡πà‡∏≠‡∏á‡πÄ‡∏ó‡∏µ‡πà‡∏¢‡∏ß ‡∏≠‡∏¢‡∏≤‡∏Å‡∏•‡∏≠‡∏á‡πÉ‡∏ä‡πâ‡πÄ‡∏ß‡πá‡∏ö‡∏Ñ‡πà‡∏∞', '‡∏ô‡πà‡∏ó‡∏à‡∏∞‡∏ï‡πà‡∏≠‡∏¢‡∏≠‡∏î‡πÑ‡∏î‡πâ‡∏´‡∏•‡∏≤‡∏¢‡∏≠‡∏¢‡πà‡∏≤‡∏á ‡∏î‡∏π‡∏ô‡πà‡∏≤‡∏™‡∏ô‡πÉ‡∏à']"
42,3.0,"['‡∏Ñ‡∏≠‡∏ô‡πÄ‡∏ã‡∏õ‡∏ï‡πå‡∏î‡∏µ', nan, nan]"
28,3.0,"['‡∏´‡∏ô‡πâ‡∏≤‡∏™‡∏ô ‡∏£‡∏π‡πâ‡∏™‡∏∂‡∏Å‡πÄ‡∏õ‡πá‡∏ô‡∏™‡∏¥‡πà‡∏á‡∏ó‡∏µ‡πà‡∏à‡∏≥‡πÄ‡∏õ‡πá‡∏ô‡∏™‡∏≥‡∏´‡∏£‡∏±‡∏ö‡∏Ñ‡∏ô‡∏¢‡∏∏‡∏Ñ‡∏ô‡∏µ‡πâ ‡∏ó‡∏µ‡πà‡∏°‡∏µ‡∏•‡∏π‡∏Å ‡πÅ‡∏ï‡πà‡πÑ‡∏°‡πà‡∏°‡∏µ‡πÄ‡∏ß‡∏•‡∏≤‡∏î‡∏π‡πÅ‡∏•', '‡πÄ‡∏õ‡πá‡∏ô‡πÄ‡∏£‡∏∑‡πà‡∏≠‡∏á‡∏ó‡∏µ‡πà‡∏ô‡πà‡∏≤‡∏™‡∏ô‡πÉ‡∏à‡πÅ‡∏•‡∏∞‡∏Ñ‡∏¥‡∏î‡∏ß‡πà‡∏≤‡∏ñ‡πâ‡∏≤‡∏ó‡∏≥‡πÑ‡∏î‡πâ‡∏≠‡∏≤‡∏à‡πÄ‡∏Å‡∏¥‡∏î‡∏õ‡∏£‡∏∞‡πÇ‡∏¢‡∏ä‡∏ô‡πå‡∏≠‡∏¢‡πà‡∏≤‡∏á‡∏°‡∏≤‡∏Å', '‡∏£‡∏±‡∏Å‡πÄ‡∏î‡πá‡∏Å ‡πÄ‡∏û‡∏∑‡πà‡∏≠‡∏ô‡∏ö‡∏≠‡∏Å‡∏≠‡∏¢‡∏≤‡∏Å‡πÄ‡∏Ç‡πâ‡∏≤‡∏Ñ‡∏∏‡∏Å']"
23,2.0,"['‡∏´‡∏±‡∏ß‡∏Ç‡πâ‡∏≠‡∏ô‡πà‡∏≤‡∏™‡∏ô‡πÉ‡∏à‡∏Ñ‡∏£‡∏±‡∏ö‡∏î‡∏π‡∏ô‡πà‡∏≤‡∏à‡∏∞‡∏™‡∏≤‡∏°‡∏≤‡∏£‡∏ñ‡∏ô‡∏≥‡πÑ‡∏õ‡∏ó‡∏≥‡∏ï‡πà‡∏≠‡πÑ‡∏î‡πâ‡∏Ñ‡∏£‡∏±‡∏ö', '‡πÄ‡∏õ‡πá‡∏ô‡πÄ‡∏ß‡πá‡∏ö‡πÅ‡∏≠‡∏û‡∏ó‡∏µ‡πà‡∏°‡∏µ‡∏´‡∏±‡∏ß‡∏Ç‡πâ‡∏≠‡∏ó‡∏µ‡πà‡∏ô‡πà‡∏≤‡∏™‡∏ô‡πÉ‡∏à ‡∏î‡∏π‡∏°‡∏µ‡∏õ‡∏£‡∏∞‡πÇ‡∏¢‡∏ä‡∏ô‡πå‡∏™‡∏≥‡∏´‡∏£‡∏±‡∏ö‡∏Ñ‡∏ô‡∏ó‡∏µ‡πà‡∏ï‡πâ‡∏≠‡∏á‡∏Å‡∏≤‡∏£‡∏Ñ‡∏ß‡∏≤‡∏°‡∏ä‡πà‡∏ß‡∏¢‡πÄ‡∏´‡∏•‡∏∑‡∏≠‡∏ó‡∏≤‡∏á‡∏î‡πâ‡∏≤‡∏ô‡∏Å‡∏é‡∏´‡∏°‡∏≤‡∏¢']"
35,2.0,"['‡∏°‡∏µ‡∏´‡∏±‡∏ß‡∏Ç‡πâ‡∏≠‡∏ó‡∏µ‡πà‡∏ô‡πà‡∏≤‡∏™‡∏ô‡∏ó‡∏µ‡πà‡πÉ‡∏à‡∏ó‡∏µ‡πà‡πÄ‡∏Å‡∏µ‡πà‡∏¢‡∏ß‡∏Å‡∏±‡∏ö‡∏™‡∏∏‡∏Ç‡∏†‡∏≤‡∏û‡∏à‡∏¥‡∏ï‡πÄ‡πÄ‡∏•‡∏∞‡∏≠‡∏¢‡∏≤‡∏Å‡πÉ‡∏´‡πâ‡∏°‡∏±‡∏ô‡πÄ‡∏õ‡πá‡∏ô‡πÑ‡∏õ‡πÑ‡∏î‡πâ‡∏à‡∏£‡∏¥‡∏á‡∏à‡∏≤‡∏Å‡∏Å‡∏≤‡∏£‡∏ó‡∏µ‡πà‡∏°‡∏µ‡∏Å‡∏≤‡∏£‡πÉ‡∏ä‡πâ', '‡πÄ‡∏õ‡πá‡∏ô‡∏£‡∏∞‡∏ö‡∏ö‡πÅ‡∏ä‡∏ó‡∏ö‡∏≠‡∏ó‡∏ó‡∏µ‡πà‡∏ô‡πà‡∏≤‡∏™‡∏ô‡πÉ‡∏à‡∏°‡∏≤‡∏Å‡πÜ‡πÄ‡∏û‡∏£‡∏≤‡∏∞‡∏ñ‡πâ‡∏≤‡∏ó‡∏≥‡∏™‡∏≥‡πÄ‡∏£‡πá‡∏à‡∏à‡∏∞‡∏ä‡πà‡∏ß‡∏¢‡πÉ‡∏´‡πâ‡∏ú‡∏π‡πâ‡∏Ñ‡∏ô‡πÄ‡∏Ç‡πâ‡∏≤‡πÉ‡∏à‡πÉ‡∏ô‡πÄ‡∏£‡∏∑‡πà‡∏≠‡∏á‡∏Ç‡∏≠‡∏á‡∏™‡∏∏‡∏Ç‡∏Å‡∏±‡∏ô‡∏°‡∏≤‡∏Å‡∏Ç‡∏∂‡πâ‡∏ô ‡πÅ‡∏•‡∏∞‡∏ó‡∏µ‡πà‡∏™‡∏≥‡∏Ñ‡∏±‡∏ç‡πÉ‡∏ô‡∏™‡πà‡∏ß‡∏ô‡∏Ç‡∏≠‡∏á‡∏£‡∏∞‡∏ö‡∏ö‡∏ó‡∏µ‡πà‡πÄ‡∏û‡∏∑‡πà‡∏≠‡∏ô‡πÑ‡∏î‡πâ‡∏°‡∏µ‡∏Å‡∏≤‡∏£ demo ‡πÉ‡∏´‡πâ‡∏î‡∏π‡∏Ñ‡πà‡∏≠‡∏ô‡∏Ç‡πâ‡∏≤‡∏á‡∏™‡∏ß‡∏¢‡∏î‡∏π‡∏ô‡πà‡∏≤‡πÉ‡∏ä‡πâ‡∏á‡∏≤‡∏ô‡∏°‡∏≤‡∏Å‡πÜ']"
16,2.0,"['‡πÑ‡∏≠‡πÄ‡∏î‡∏µ‡∏¢‡∏î‡∏µ‡πÄ‡∏´‡∏°‡∏≤‡∏∞‡∏Å‡∏±‡∏ö‡∏Ñ‡∏ô‡∏£‡∏±‡∏Å‡∏™‡∏±‡∏ï‡∏ß‡πå ‡∏¢‡∏±‡∏á‡πÑ‡∏°‡πà‡∏Ñ‡πà‡∏≠‡∏¢‡πÑ‡∏î‡πâ‡πÄ‡∏´‡πá‡∏ô Web application ‡πÄ‡πÄ‡∏ô‡∏ß‡∏ô‡∏µ‡πâ‡∏™‡∏±‡∏Å‡πÄ‡∏ó‡πà‡∏≤‡πÑ‡∏´‡∏£‡πà', '‡∏à‡∏≤‡∏Å‡∏ó‡∏µ‡πà‡∏ü‡∏±‡∏á‡∏°‡∏≤‡∏£‡∏∞‡∏ö‡∏ö‡∏°‡∏µ‡∏´‡∏•‡∏≤‡∏¢‡πÜ‡∏ü‡∏µ‡πÄ‡∏à‡∏≠‡∏£‡πå‡∏ô‡∏±‡πâ‡∏ô‡∏Ñ‡πà‡∏≠‡∏ô‡∏Ç‡πâ‡∏≤‡∏á‡∏ó‡∏µ‡πà‡∏à‡∏∞‡∏ô‡πà‡∏≤‡∏™‡∏ô‡πÉ‡∏à‡∏°‡∏≤‡∏Å‡πÜ‡∏°‡∏µ‡∏°‡∏π‡∏•‡∏Ñ‡πà‡∏≤‡∏ã‡πà‡∏≠‡∏ô‡∏≠‡∏¢‡∏π‡πà‡∏†‡∏≤‡∏ô‡πÉ‡∏ô‡πÅ‡∏û‡∏•‡∏ï‡∏ü‡∏≠‡∏£‡πå‡∏°‡πÄ‡∏¢‡∏≠‡∏∞ ‡∏™‡∏≤‡∏°‡∏≤‡∏£‡∏ñ‡∏™‡∏£‡πâ‡∏≤‡∏á‡πÄ‡∏õ‡πá‡∏ô‡∏Ñ‡∏≠‡∏°‡∏°‡∏π‡∏ô‡∏¥‡∏ï‡∏µ‡πâ‡∏≠‡∏≠‡∏ô‡πÑ‡∏•‡∏ô‡πå‡πÉ‡∏ô‡∏î‡πâ‡∏≤‡∏ô‡∏Ç‡∏≠‡∏á‡∏™‡∏±‡∏ï‡∏ß‡πå‡πÄ‡∏•‡∏µ‡πâ‡∏¢‡∏á‡πÅ‡∏•‡∏∞‡∏™‡∏≤‡∏°‡∏≤‡∏£‡∏ñ‡∏´‡∏≤‡∏Å‡∏≥‡πÑ‡∏£‡∏à‡∏≤‡∏Å‡πÅ‡∏û‡∏•‡∏ï‡∏ü‡∏≠‡∏£‡πå‡∏°‡πÑ‡∏î‡πâ‡∏à‡∏£‡∏¥‡∏á']"
17,2.0,"['‡πÑ‡∏î‡πâ‡∏Ñ‡∏ß‡∏≤‡∏°‡∏£‡∏π‡πâ‡πÄ‡∏£‡∏∑‡πà‡∏≠‡∏á‡∏≠‡∏™‡∏±‡∏á‡∏´‡∏≤ ‡πÅ‡∏•‡∏∞‡∏≠‡∏ò‡∏¥‡∏ö‡∏≤‡∏¢‡∏î‡∏µ', '‡πÑ‡∏î‡πâ‡∏ó‡∏£‡∏≤‡∏ö‡∏õ‡∏±‡∏ç‡∏´‡∏≤ ‡∏≠‡∏ò‡∏¥‡∏ö‡∏≤‡∏¢‡∏î‡∏π‡∏î‡∏µ']"
22,2.0,"['‡∏°‡∏µ‡πÄ‡∏´‡∏ï‡∏∏‡∏ú‡∏•‡∏õ‡∏£‡∏∞‡∏Å‡∏≠‡∏ö‡∏ä‡∏±‡∏î‡πÄ‡∏à‡∏ô‡∏Å‡∏±‡∏ö‡πÑ‡∏≠‡πÄ‡∏î‡∏µ‡∏¢ ‡∏°‡∏µ‡∏™‡∏ñ‡∏¥‡∏ï‡∏¥‡∏ó‡∏µ‡πà‡∏≠‡πâ‡∏≤‡∏á‡∏≠‡∏¥‡∏á‡πÑ‡∏î‡πâ ‡πÅ‡∏•‡∏∞‡∏´‡∏ô‡πâ‡∏≤‡∏ï‡∏≤ ui/ux ‡∏™‡∏ß‡∏¢', '‡πÇ‡∏£‡∏Ñ‡∏ã‡∏∂‡∏°‡πÄ‡∏®‡∏£‡πâ‡∏≤‡πÄ‡∏õ‡πá‡∏ô‡∏õ‡∏±‡∏ç‡∏´‡∏≤‡∏ó‡∏µ‡πà‡∏ó‡∏∏‡∏Å‡∏Ñ‡∏ô‡∏°‡∏µ‡πÇ‡∏≠‡∏Å‡∏≤‡∏™‡πÄ‡∏õ‡πá‡∏ô‡πÑ‡∏î‡πâ ‡∏Å‡∏≤‡∏£‡∏à‡∏±‡∏î‡∏Å‡∏≤‡∏£‡∏´‡∏£‡∏∑‡∏≠‡∏õ‡πâ‡∏≠‡∏á‡∏Å‡∏±‡∏ô‡∏õ‡∏±‡∏ç‡∏´‡∏≤‡∏î‡∏±‡∏á‡∏Å‡∏•‡πà‡∏≤‡∏ß‡πÄ‡∏õ‡πá‡∏ô‡πÄ‡∏£‡∏∑‡πà‡∏≠‡∏á‡∏ó‡∏µ‡πà‡∏î‡∏µ ‡πÅ‡∏•‡∏∞‡∏Ñ‡∏ß‡∏£‡∏ú‡∏•‡∏±‡∏Å‡∏î‡∏±‡∏ô']"
1,2.0,"['‡πÑ‡∏≠‡πÄ‡∏î‡∏µ‡∏¢‡πÄ‡∏´‡∏°‡∏≤‡∏∞‡∏™‡∏≥‡∏´‡∏£‡∏±‡∏ö‡∏Ñ‡∏ô‡πÑ‡∏°‡πà‡∏Ñ‡πà‡∏≠‡∏¢‡∏Å‡∏•‡πâ‡∏≤‡∏ó‡∏±‡∏Å‡πÉ‡∏Ñ‡∏£‡∏Å‡πà‡∏≠‡∏ô‡πÉ‡∏ô‡∏Å‡∏≤‡∏£‡∏´‡∏≤‡∏Å‡∏•‡∏∏‡πà‡∏° ‡∏¢‡∏±‡∏á‡∏ä‡πà‡∏ß‡∏¢‡∏™‡∏£‡πâ‡∏≤‡∏á‡∏Å‡∏≤‡∏£‡∏û‡∏π‡∏î‡∏Ñ‡∏∏‡∏¢‡πÑ‡∏î‡πâ‡∏î‡πâ‡∏ß‡∏¢', '‡∏ä‡∏≠‡∏ö‡πÑ‡∏≠‡πÄ‡∏î‡∏µ‡∏¢‡∏ó‡∏µ‡πà‡∏ó‡∏≥‡∏Ç‡∏∂‡πâ‡∏ô‡∏°‡∏≤‡∏™‡∏≥‡∏´‡∏£‡∏±‡∏ö‡∏Ñ‡∏ô‡∏ó‡∏µ‡πà‡∏ä‡∏ß‡∏ô‡∏Ñ‡∏∏‡∏¢‡πÑ‡∏°‡πà‡πÄ‡∏Å‡πà‡∏á‡∏´‡∏£‡∏∑‡∏≠ introvert ‡πÄ‡∏ß‡∏•‡∏≤‡∏ï‡πâ‡∏≠‡∏á‡∏Å‡∏≤‡∏£‡∏´‡∏≤‡∏Ñ‡∏π‡πà‡∏´‡∏£‡∏∑‡∏≠‡∏´‡∏≤‡∏Å‡∏•‡∏∏‡πà‡∏°‡∏Ñ‡πà‡∏∞']"
33,2.0,"[nan, '‡∏ä‡∏≠‡∏ö‡∏™‡∏∏‡πà‡∏°‡∏™‡∏µ‡πÄ‡∏™‡∏∑‡πâ‡∏≠‡∏Ñ‡πà‡∏∞ ‡πÄ‡∏û‡∏£‡∏≤‡∏∞‡∏ß‡πà‡∏≤‡πÄ‡∏ä‡∏∑‡πà‡∏≠‡πÄ‡∏£‡∏∑‡πà‡∏≠‡∏á‡∏î‡∏ß‡∏á5555']"
30,2.0,"[nan, '‡∏°‡∏µ Business model ‡∏ó‡∏µ‡πà‡∏ô‡πà‡∏≤‡∏™‡∏ô‡πÉ‡∏à']"
29,2.0,"['‡∏Å‡∏•‡∏∏‡πà‡∏°‡∏°‡∏µ‡∏Ñ‡∏ß‡∏≤‡∏°‡∏™‡∏ô‡πÉ‡∏à‡πÄ‡∏Å‡∏µ‡πà‡∏¢‡∏ß‡∏Å‡∏±‡∏ö‡πÄ‡∏£‡∏∑‡πà‡∏≠‡∏á‡∏™‡∏¥‡πà‡∏á‡πÄ‡πÄ‡∏ß‡∏î‡∏•‡πâ‡∏≠‡∏°(‡∏Ç‡∏¢‡∏∞) ‡∏ô‡πà‡∏≤‡∏à‡∏∞‡∏ó‡πç‡∏≤‡πÉ‡∏´‡πâ‡∏õ‡∏±‡∏ç‡∏´‡∏≤‡πÄ‡∏£‡∏∑‡πà‡∏≠‡∏á‡∏Ç‡∏¢‡∏∞‡∏õ‡∏£‡∏∞‡πÄ‡∏†‡∏ó‡∏ï‡πà‡∏≤‡∏á‡πÜ‡∏•‡∏î‡∏•‡∏á ‡πÑ‡∏≠‡πÄ‡∏î‡∏µ‡∏¢‡∏î‡∏µ‡∏°‡∏≤‡∏Å', '‡πÄ‡∏ó‡∏£‡∏ô‡∏î‡πå‡∏Ç‡∏≠‡∏á‡∏™‡∏∏‡∏Ç‡∏†‡∏≤‡∏û‡πÅ‡∏•‡∏∞‡∏™‡∏¥‡πà‡∏á‡πÅ‡∏ß‡∏î‡∏•‡πâ‡∏≠‡∏°‡∏ô‡∏±‡πâ‡∏ô‡∏Å‡∏≥‡∏•‡∏±‡∏á‡∏°‡∏≤‡πÅ‡∏£‡∏á‡∏°‡∏≤‡∏Å‡πÜ‡∏¢‡∏¥‡πà‡∏á‡∏î‡πâ‡∏ß‡∏¢‡πÄ‡∏£‡∏∑‡πà‡∏≠‡∏á‡∏Ç‡∏≠‡∏á pm2.5 ‡∏ó‡∏≥‡πÉ‡∏´‡πâ‡∏Ñ‡∏ô‡∏´‡∏±‡∏ô‡∏°‡∏≤‡πÉ‡∏™‡πà‡πÉ‡∏à‡πÉ‡∏ô‡∏™‡∏∏‡∏Ç‡∏†‡∏≤‡∏û‡πÅ‡∏•‡∏∞‡∏™‡∏¥‡πà‡∏á‡πÅ‡∏ß‡∏î‡∏•‡πâ‡∏≠‡∏°‡∏Å‡∏±‡∏ô‡∏°‡∏≤‡∏Å‡∏Ç‡∏∂‡πâ‡∏ô ‡∏î‡πâ‡∏ß‡∏¢‡πÄ‡∏´‡∏ï‡∏∏‡∏ô‡∏µ‡πâ‡∏Å‡∏≤‡∏£‡∏ó‡∏≥‡∏≠‡∏∞‡πÑ‡∏£‡∏ó‡∏µ‡πà‡πÄ‡∏Å‡∏µ‡πà‡∏¢‡∏ß‡∏Ç‡πâ‡∏≠‡∏á‡∏Å‡∏±‡∏ö‡∏Å‡∏±‡∏ö‡∏™‡∏¥‡πà‡∏á‡πÅ‡∏ß‡∏î‡∏•‡πâ‡∏≠‡∏°‡∏ô‡∏±‡πâ‡∏ô‡∏Ñ‡πà‡∏≠‡∏ô‡∏Ç‡πâ‡∏≤‡∏á‡∏°‡∏±‡πà‡∏ô‡πÉ‡∏à‡∏ß‡πà‡∏≤‡∏Ñ‡∏ô‡∏à‡∏∞‡πÉ‡∏´‡πâ‡∏Ñ‡∏ß‡∏≤‡∏°‡∏™‡∏ô‡πÉ‡∏à‡∏°‡∏≤‡∏Å‡πÜ ‡∏ã‡∏∂‡πà‡∏á‡∏≠‡∏≤‡∏à‡∏à‡∏∞‡πÄ‡∏ô‡πâ‡∏ô‡∏Å‡∏≤‡∏£‡∏ó‡∏≥‡∏Å‡∏≥‡πÑ‡∏£‡∏à‡∏≤‡∏Å‡πÇ‡∏Ü‡∏©‡∏ì‡∏≤‡∏´‡∏£‡∏∑‡∏≠‡∏™‡∏õ‡∏≠‡πÄ‡∏ã‡∏≠‡∏£‡πå‡∏ï‡πà‡∏≤‡∏á‡πÜ‡∏´‡∏£‡∏∑‡∏≠‡∏à‡∏≤‡∏Å‡∏Å‡∏≤‡∏£‡∏™‡∏ô‡∏±‡∏ö‡∏™‡∏ô‡∏∏‡∏ô‡∏Ç‡∏≠‡∏á‡∏†‡∏≤‡∏Ñ‡∏£‡∏±‡∏ê']"
3,2.0,"['‡∏™‡∏≤‡∏°‡∏≤‡∏£‡∏ñ‡πÄ‡∏Ç‡∏µ‡∏¢‡∏ô code ‡∏ö‡∏ô‡∏´‡∏ô‡πâ‡∏≤‡πÄ‡∏ß‡πá‡∏ö‡πÅ‡∏•‡πâ‡∏ß‡πÅ‡∏™‡∏î‡∏á‡∏ú‡∏•‡πÄ‡∏•‡∏¢', nan]"
15,2.0,"[nan, nan]"
21,2.0,"[nan, '‡∏Ñ‡∏ß‡∏≤‡∏°‡∏Ñ‡∏¥‡∏î‡∏™‡∏£‡πâ‡∏≤‡∏á‡∏™‡∏£‡∏£‡∏Ñ‡πå‡πÇ‡∏î‡∏ô‡πÉ‡∏à‡∏Ñ‡πà‡∏∞ ‡∏≠‡∏¢‡∏≤‡∏Å‡πÑ‡∏î‡πâ‡∏Ñ‡∏≥‡∏î‡πà‡∏≤‡πÄ‡∏ß‡∏•‡∏≤‡πÄ‡∏•‡πà‡∏ô‡πÄ‡∏Å‡∏°‡πÄ‡∏Ç‡πâ‡∏≤‡πÉ‡∏à‡∏Ñ‡∏ß‡∏≤‡∏°‡∏£‡∏π‡πâ‡∏™‡∏∂‡∏Å‡πÄ‡∏•‡∏¢‡∏Ñ‡πà‡∏∞']"
25,1.0,['‡∏≠‡∏≥‡∏ô‡∏ß‡∏¢‡∏Ñ‡∏ß‡∏≤‡∏°‡∏™‡∏∞‡∏î‡∏ß‡∏Å‡πÉ‡∏´‡πâ‡∏Å‡∏π‡πâ‡∏†‡∏±‡∏¢ ‡∏°‡∏π‡∏•‡∏ô‡∏¥‡∏ò‡∏¥ ‡∏ä‡πà‡∏ß‡∏¢‡∏•‡∏î‡∏Å‡∏≤‡∏£‡∏ö‡∏≤‡∏î‡πÄ‡∏à‡πá‡∏ö ‡πÄ‡∏™‡∏µ‡∏¢‡∏ä‡∏µ‡∏ß‡∏¥‡∏ï']
2,1.0,['‡∏ô‡∏±‡∏°‡πÄ‡∏ö‡∏≠‡∏£‡πå‡∏ó‡∏π']
8,1.0,['‡πÑ‡∏≠‡πÄ‡∏î‡∏µ‡∏¢‡∏î‡∏µ ‡∏£‡∏±‡∏Å‡∏©‡πå‡πÇ‡∏•‡∏Å ‡πÅ‡∏•‡∏∞‡∏™‡∏≤‡∏°‡∏≤‡∏£‡∏ñ‡∏ô‡∏≥‡πÑ‡∏õ‡∏õ‡∏£‡∏±‡∏ö‡πÉ‡∏ä‡πâ‡∏ï‡πà‡∏≠‡πÑ‡∏î‡πâ‡πÉ‡∏ô‡∏≠‡∏ô‡∏≤‡∏Ñ‡∏ï']
11,1.0,[nan]
5,1.0,['‡∏ô‡∏≥‡πÄ‡∏™‡∏ô‡∏≠‡πÄ‡∏Ç‡πâ‡∏≤‡πÉ‡∏à‡∏á‡πà‡∏≤‡∏¢ ‡πÄ‡∏ô‡∏∑‡πâ‡∏≠‡∏´‡∏≤‡∏ô‡πà‡∏≤‡∏™‡∏ô‡πÉ‡∏à']
32,1.0,['‡∏´‡∏±‡∏ß‡∏Ç‡πâ‡∏≠‡∏°‡∏µ‡∏Ñ‡∏ß‡∏≤‡∏°‡∏ô‡πà‡∏≤‡∏™‡∏ô‡πÉ‡∏à']
27,1.0,['‡∏Ñ‡∏¥‡∏î‡∏ß‡πà‡∏≤‡∏™‡∏≤‡∏°‡∏≤‡∏£‡∏ñ‡πÑ‡∏õ‡∏õ‡∏£‡∏∞‡∏¢‡∏∏‡∏Å‡∏ï‡πå‡πÉ‡∏ä‡πâ‡∏á‡∏≤‡∏ô‡πÑ‡∏î‡πâ‡∏à‡∏£‡∏¥‡∏á']
12,1.0,['‡πÄ‡∏õ‡πá‡∏ô‡∏Å‡∏≤‡∏£‡∏ô‡∏≥‡πÄ‡∏™‡∏ô‡∏≠‡πÅ‡∏ô‡∏ß‡∏ó‡∏≤‡∏á‡∏ó‡∏µ‡πà‡πÄ‡∏Ç‡πâ‡∏≤‡πÉ‡∏à‡∏á‡πà‡∏≤‡∏¢‡πÅ‡∏•‡∏∞‡πÉ‡∏Å‡∏•‡πâ‡∏ï‡∏±‡∏ß‡∏™‡∏≤‡∏°‡∏≤‡∏£‡∏ñ‡∏õ‡∏£‡∏∞‡∏¢‡∏∏‡∏Å‡∏ï‡πå‡πÉ‡∏ä‡πâ‡∏à‡∏£‡∏¥‡∏á‡πÑ‡∏î‡πâ']
